1,Stone,Stone,Mon Oct 19 00:00:00 BDT 1964
2,Raymond,Raymond,Sun Dec 11 00:00:00 BDT 1977
3,Armando,Armando,Thu Dec 25 00:00:00 BDT 1986
4,Latifah,Latifah,Fri Jul 24 00:00:00 BDT 1959
5,Cassandra,Cassandra,Fri Sep 14 00:00:00 BDT 1956
6,Audra,Audra,Thu Aug 30 00:00:00 BDT 1984
7,Upton,Upton,Sun Feb 04 00:00:00 BDT 1973
8,Melodie,Melodie,Sun Apr 26 00:00:00 BDT 1953
9,Sybill,Sybill,Sun Jun 24 00:00:00 BDT 1951
10,Glenna,Glenna,Thu Aug 27 00:00:00 BDT 1953
11,Ingrid,Ingrid,Thu Sep 05 00:00:00 BDT 1957
12,Duncan,Duncan,Sun Jan 21 00:00:00 BDT 1979
13,Xaviera,Xaviera,Sun Jul 18 00:00:00 BDT 1965
14,Rhoda,Rhoda,Tue Sep 11 00:00:00 BDT 1990
15,Fatima,Fatima,Fri Jun 01 00:00:00 BDT 1979
16,Merrill,Merrill,Mon Jul 02 00:00:00 BDT 1990
17,Felicia,Felicia,Sat Dec 19 00:00:00 BDT 1959
18,Hanae,Hanae,Thu Dec 27 00:00:00 BDT 1984
19,Ramona,Ramona,Sat Jun 23 00:00:00 BDT 1962
20,Katelyn,Katelyn,Sat Nov 12 00:00:00 BDT 1988
21,Rosalyn,Rosalyn,Thu Feb 25 00:00:00 BDT 1982
22,Alea,Alea,Tue Jun 23 00:00:00 BDT 1959
23,Raymond,Raymond,Mon Jul 16 00:00:00 BDT 1979
24,Hu,Hu,Sat Dec 17 00:00:00 BDT 1988
25,Damon,Damon,Wed Jan 29 00:00:00 BDT 1964
26,Ori,Ori,Thu Jun 05 00:00:00 BDT 1958
27,Sasha,Sasha,Mon Jan 12 00:00:00 BDT 1976
28,Sarah,Sarah,Thu Nov 20 00:00:00 BDT 1986
29,Hammett,Hammett,Tue Jun 01 00:00:00 BDT 1982
30,Melissa,Melissa,Wed Aug 14 00:00:00 BDT 1963
31,Daquan,Daquan,Fri Jun 17 00:00:00 BDT 1977
32,Keane,Keane,Tue Sep 23 00:00:00 BDT 1958
33,Erich,Erich,Sun Oct 27 00:00:00 BDT 1974
34,Iliana,Iliana,Sat Jan 28 00:00:00 BDT 1967
35,Dawn,Dawn,Sat Jul 30 00:00:00 BDT 1960
36,Anjolie,Anjolie,Thu Feb 17 00:00:00 BDT 1972
37,Tanya,Tanya,Sat Sep 04 00:00:00 BDT 1971
38,Dacey,Dacey,Wed Jul 26 00:00:00 BDT 1989
39,Carl,Carl,Sat Oct 12 00:00:00 BDT 1957
40,Derek,Derek,Tue Feb 27 00:00:00 BDT 1973
41,Lucian,Lucian,Tue Jun 29 00:00:00 BDT 1954
42,Jorden,Jorden,Sun Jun 25 00:00:00 BDT 1989
43,Arden,Arden,Wed Jan 21 00:00:00 BDT 1976
44,Kenneth,Kenneth,Fri Jul 30 00:00:00 BDT 1954
45,Kitra,Kitra,Sat Jul 26 00:00:00 BDT 1952
46,Jin,Jin,Fri Nov 03 00:00:00 BDT 1978
47,Jaden,Jaden,Wed Feb 29 00:00:00 BDT 1956
48,Sylvia,Sylvia,Sun Jul 16 00:00:00 BDT 1978
49,Mona,Mona,Wed Apr 17 00:00:00 BDT 1968
50,Lyle,Lyle,Thu May 06 00:00:00 BDT 1976
51,Asher,Asher,Mon Nov 17 00:00:00 BDT 1958
52,Brynne,Brynne,Sat Dec 24 00:00:00 BDT 1977
53,Ahmed,Ahmed,Mon Sep 07 00:00:00 BDT 1970
54,Iola,Iola,Sun Apr 23 00:00:00 BDT 1961
55,Quynn,Quynn,Fri Jul 21 00:00:00 BDT 1972
56,Althea,Althea,Sat Jul 03 00:00:00 BDT 1982
57,Elmo,Elmo,Wed Jul 25 00:00:00 BDT 1979
58,Remedios,Remedios,Tue Jul 03 00:00:00 BDT 1962
59,Kaitlin,Kaitlin,Thu Jan 17 00:00:00 BDT 1985
60,Stewart,Stewart,Fri Apr 20 00:00:00 BDT 1979
61,Blythe,Blythe,Tue Aug 20 00:00:00 BDT 1974
62,Nyssa,Nyssa,Tue May 27 00:00:00 BDT 1975
63,Mariam,Mariam,Tue Mar 26 00:00:00 BDT 1985
64,Orson,Orson,Sun Feb 19 00:00:00 BDT 1961
65,Marshall,Marshall,Tue May 06 00:00:00 BDT 1980
66,Giacomo,Giacomo,Fri Dec 12 00:00:00 BDT 1980
67,Mollie,Mollie,Mon Feb 21 00:00:00 BDT 1966
68,Holly,Holly,Sat Nov 12 00:00:00 BDT 1966
69,Dominic,Dominic,Thu Dec 16 00:00:00 BDT 1976
70,Rooney,Rooney,Thu Jun 21 00:00:00 BDT 1956
71,Shay,Shay,Fri Dec 18 00:00:00 BDT 1959
72,Nicholas,Nicholas,Fri Mar 02 00:00:00 BDT 1962
73,Addison,Addison,Thu Jul 11 00:00:00 BDT 1985
74,Anastasia,Anastasia,Sun Jun 05 00:00:00 BDT 1955
75,Mary,Mary,Sat Mar 24 00:00:00 BDT 1956
76,Garrett,Garrett,Wed Nov 30 00:00:00 BDT 1955
77,Kendall,Kendall,Fri Aug 13 00:00:00 BDT 1954
78,Juliet,Juliet,Sun Nov 01 00:00:00 BDT 1964
79,Olivia,Olivia,Thu Oct 09 00:00:00 BDT 1975
80,Daquan,Daquan,Tue Dec 25 00:00:00 BDT 1956
81,Leroy,Leroy,Fri Feb 08 00:00:00 BDT 1963
82,Sonia,Sonia,Sat Jan 17 00:00:00 BDT 1976
83,Emerald,Emerald,Thu May 04 00:00:00 BDT 1978
84,Reed,Reed,Wed Aug 21 00:00:00 BDT 1974
85,Bertha,Bertha,Tue Sep 23 00:00:00 BDT 1952
86,Dennis,Dennis,Sat Dec 27 00:00:00 BDT 1986
87,Declan,Declan,Sat Feb 25 00:00:00 BDT 1989
88,Latifah,Latifah,Thu Mar 27 00:00:00 BDT 1952
89,Rashad,Rashad,Sat Apr 19 00:00:00 BDT 1986
90,Carl,Carl,Thu Jan 13 00:00:00 BDT 1983
91,Levi,Levi,Wed Jul 24 00:00:00 BDT 1974
92,Ella,Ella,Thu Jun 16 00:00:00 BDT 1988
93,Dara,Dara,Wed Aug 13 00:00:00 BDT 1980
94,Benedict,Benedict,Sat Sep 24 00:00:00 BDT 1977
95,Benjamin,Benjamin,Fri Aug 10 00:00:00 BDT 1962
96,Pandora,Pandora,Fri May 16 00:00:00 BDT 1986
97,Hall,Hall,Wed Jul 18 00:00:00 BDT 1956
98,Piper,Piper,Thu Sep 10 00:00:00 BDT 1964
99,Rafael,Rafael,Wed Jan 24 00:00:00 BDT 1962
100,Alfonso,Alfonso,Mon Apr 22 00:00:00 BDT 1968
101,Kyra,Kyra,Fri Apr 03 00:00:00 BDT 1981
102,Erica,Erica,Mon Jul 19 00:00:00 BDT 1965
103,Kaitlin,Kaitlin,Wed May 24 00:00:00 BDT 1961
104,Sonya,Sonya,Sat Jun 27 00:00:00 BDT 1970
105,Graiden,Graiden,Sat Jun 12 00:00:00 BDT 1965
106,Amethyst,Amethyst,Thu Nov 20 00:00:00 BDT 1952
107,Justine,Justine,Thu Dec 16 00:00:00 BDT 1982
108,Dennis,Dennis,Mon Dec 15 00:00:00 BDT 1980
109,Adena,Adena,Thu Nov 06 00:00:00 BDT 1986
110,Burke,Burke,Tue May 09 00:00:00 BDT 1989
111,Macon,Macon,Fri Jan 29 00:00:00 BDT 1960
112,Todd,Todd,Mon Sep 29 00:00:00 BDT 1952
113,Aretha,Aretha,Tue Jun 13 00:00:00 BDT 1972
114,Zephania,Zephania,Thu May 22 00:00:00 BDT 1969
115,Ishmael,Ishmael,Thu Dec 28 00:00:00 BDT 1978
116,Todd,Todd,Mon Oct 12 00:00:00 BDT 1953
117,Gareth,Gareth,Sat Feb 21 00:00:00 BDT 1970
118,Amir,Amir,Fri Jul 13 00:00:00 BDT 1951
119,Darius,Darius,Fri Nov 26 00:00:00 BDT 1954
120,Rajah,Rajah,Sat May 07 00:00:00 BDT 1960
121,Avram,Avram,Mon Jul 05 00:00:00 BDT 1976
122,Hilel,Hilel,Fri Apr 11 00:00:00 BDT 1952
123,Veda,Veda,Tue May 19 00:00:00 BDT 1953
124,Armando,Armando,Fri Nov 13 00:00:00 BDT 1987
125,Nichole,Nichole,Fri Jul 21 00:00:00 BDT 1961
126,Zephr,Zephr,Mon May 20 00:00:00 BDT 1985
127,Clayton,Clayton,Sun Nov 09 00:00:00 BDT 1980
128,Clark,Clark,Mon Nov 15 00:00:00 BDT 1982
129,Daniel,Daniel,Sat Sep 20 00:00:00 BDT 1952
130,Kathleen,Kathleen,Wed May 30 00:00:00 BDT 1962
131,Priscilla,Priscilla,Tue Oct 28 00:00:00 BDT 1952
132,Skyler,Skyler,Tue Jun 14 00:00:00 BDT 1955
133,Erica,Erica,Thu Nov 03 00:00:00 BDT 1955
134,Damon,Damon,Tue Jul 19 00:00:00 BDT 1988
135,Macaulay,Macaulay,Fri May 21 00:00:00 BDT 1971
136,Ruby,Ruby,Mon Apr 09 00:00:00 BDT 1956
137,Hannah,Hannah,Mon Aug 13 00:00:00 BDT 1990
138,Mia,Mia,Thu Jun 09 00:00:00 BDT 1988
139,Erasmus,Erasmus,Tue Oct 08 00:00:00 BDT 1957
140,Ivor,Ivor,Tue Dec 08 00:00:00 BDT 1987
141,Ulla,Ulla,Sat Jan 28 00:00:00 BDT 1956
142,Meredith,Meredith,Thu Mar 29 00:00:00 BDT 1956
143,Sebastian,Sebastian,Mon Feb 13 00:00:00 BDT 1967
144,Harrison,Harrison,Mon Mar 14 00:00:00 BDT 1983
145,Carissa,Carissa,Sun Jun 21 00:00:00 BDT 1953
146,Hedy,Hedy,Thu Apr 25 00:00:00 BDT 1957
147,Dale,Dale,Tue Jul 06 00:00:00 BDT 1976
148,Stella,Stella,Tue Aug 08 00:00:00 BDT 1961
149,Jaden,Jaden,Sun May 25 00:00:00 BDT 1958
150,Graham,Graham,Fri Aug 21 00:00:00 BDT 1981
151,Stella,Stella,Wed Sep 09 00:00:00 BDT 1987
152,Aurora,Aurora,Thu Aug 06 00:00:00 BDT 1959
153,Joelle,Joelle,Fri Nov 16 00:00:00 BDT 1951
154,Ann,Ann,Fri Dec 08 00:00:00 BDT 1989
155,Yuri,Yuri,Fri Jul 21 00:00:00 BDT 1961
156,Tyler,Tyler,Thu Jul 27 00:00:00 BDT 1967
157,Lila,Lila,Fri Jan 25 00:00:00 BDT 1985
158,Victor,Victor,Wed Apr 11 00:00:00 BDT 1990
159,Oprah,Oprah,Sat Oct 31 00:00:00 BDT 1987
160,Ethan,Ethan,Fri May 13 00:00:00 BDT 1977
161,Price,Price,Mon Feb 02 00:00:00 BDT 1976
162,Elliott,Elliott,Wed Jan 29 00:00:00 BDT 1986
163,Gregory,Gregory,Sat Jul 18 00:00:00 BDT 1981
164,Dakota,Dakota,Tue Nov 13 00:00:00 BDT 1962
165,Cody,Cody,Tue Dec 16 00:00:00 BDT 1975
166,Arden,Arden,Tue Sep 05 00:00:00 BDT 1961
167,Aristotle,Aristotle,Wed Oct 05 00:00:00 BDT 1983
168,Vladimir,Vladimir,Thu Apr 28 00:00:00 BDT 1966
169,Laura,Laura,Fri Jun 02 00:00:00 BDT 1989
170,Eliana,Eliana,Fri Jul 12 00:00:00 BDT 1974
171,Tanisha,Tanisha,Sun Mar 15 00:00:00 BDT 1959
172,Jackson,Jackson,Fri Sep 11 00:00:00 BDT 1987
173,Maxwell,Maxwell,Sun Sep 06 00:00:00 BDT 1959
174,Teagan,Teagan,Fri Mar 17 00:00:00 BDT 1967
175,Lev,Lev,Fri Apr 26 00:00:00 BDT 1957
176,Lars,Lars,Sun Nov 01 00:00:00 BDT 1953
177,Wang,Wang,Tue Mar 27 00:00:00 BDT 1979
178,Rigel,Rigel,Tue Aug 20 00:00:00 BDT 1974
179,Olga,Olga,Tue Jun 13 00:00:00 BDT 1967
180,Laura,Laura,Fri Nov 20 00:00:00 BDT 1953
181,Scott,Scott,Fri Sep 10 00:00:00 BDT 1982
182,Bevis,Bevis,Tue Sep 19 00:00:00 BDT 1961
183,Colleen,Colleen,Sat Apr 07 00:00:00 BDT 1973
184,Kendall,Kendall,Wed Dec 28 00:00:00 BDT 1977
185,Uriah,Uriah,Sun Jul 17 00:00:00 BDT 1955
186,Ishmael,Ishmael,Sun Jan 06 00:00:00 BDT 1980
187,Graiden,Graiden,Fri Oct 28 00:00:00 BDT 1988
188,Galvin,Galvin,Mon Apr 29 00:00:00 BDT 1968
189,Zena,Zena,Mon Oct 03 00:00:00 BDT 1983
190,Azalia,Azalia,Sat Jul 04 00:00:00 BDT 1964
191,Lila,Lila,Fri Oct 08 00:00:00 BDT 1982
192,Garth,Garth,Sat Aug 13 00:00:00 BDT 1988
193,Emery,Emery,Sat Jun 17 00:00:00 BDT 1967
194,Shea,Shea,Wed Jan 03 00:00:00 BDT 1990
195,Logan,Logan,Mon Oct 16 00:00:00 BDT 1967
196,Olympia,Olympia,Wed May 17 00:00:00 BDT 1967
197,Louis,Louis,Thu Jun 08 00:00:00 BDT 1967
198,Dylan,Dylan,Wed May 30 00:00:00 BDT 1962
199,Raphael,Raphael,Mon Nov 26 00:00:00 BDT 1956
200,Zoe,Zoe,Fri Jan 12 00:00:00 BDT 1973
201,Vivian,Vivian,Wed Oct 31 00:00:00 BDT 1951
202,Charde,Charde,Thu Feb 23 00:00:00 BDT 1967
203,Jason,Jason,Sun Dec 08 00:00:00 BDT 1963
204,Colleen,Colleen,Sun Apr 27 00:00:00 BDT 1980
205,Cullen,Cullen,Sun Feb 13 00:00:00 BDT 1966
206,Avram,Avram,Wed Nov 09 00:00:00 BDT 1977
207,Gray,Gray,Wed Nov 25 00:00:00 BDT 1970
208,Nehru,Nehru,Thu Oct 13 00:00:00 BDT 1966
209,Ulla,Ulla,Tue Dec 13 00:00:00 BDT 1988
210,Azalia,Azalia,Sun Sep 19 00:00:00 BDT 1954
211,Chava,Chava,Mon Apr 10 00:00:00 BDT 1972
212,Jamal,Jamal,Fri Mar 08 00:00:00 BDT 1985
213,Abigail,Abigail,Wed Dec 27 00:00:00 BDT 1989
214,Lavinia,Lavinia,Tue Mar 23 00:00:00 BDT 1976
215,Clark,Clark,Mon Sep 15 00:00:00 BDT 1975
216,Kennan,Kennan,Tue Jul 08 00:00:00 BDT 1958
217,Allegra,Allegra,Tue Oct 17 00:00:00 BDT 1967
218,Carson,Carson,Mon Jun 13 00:00:00 BDT 1955
219,Carla,Carla,Wed Sep 04 00:00:00 BDT 1968
220,Kenyon,Kenyon,Wed May 04 00:00:00 BDT 1955
221,Brynne,Brynne,Mon Jul 23 00:00:00 BDT 1951
222,Yuri,Yuri,Sat Dec 29 00:00:00 BDT 1984
223,Lareina,Lareina,Wed Mar 16 00:00:00 BDT 1966
224,Rylee,Rylee,Thu Oct 07 00:00:00 BDT 1954
225,Elmo,Elmo,Thu May 27 00:00:00 BDT 1976
226,Keith,Keith,Thu Aug 29 00:00:00 BDT 1985
227,Deanna,Deanna,Sat May 28 00:00:00 BDT 1955
228,Lane,Lane,Sun Mar 11 00:00:00 BDT 1951
229,Nicole,Nicole,Sun Nov 29 00:00:00 BDT 1964
230,Slade,Slade,Wed Jul 12 00:00:00 BDT 1961
231,Avye,Avye,Sat Jul 28 00:00:00 BDT 1956
232,Colt,Colt,Sun Apr 22 00:00:00 BDT 1956
233,Jena,Jena,Sun Jun 02 00:00:00 BDT 1974
234,Uriel,Uriel,Tue Dec 21 00:00:00 BDT 1954
235,Keane,Keane,Thu Oct 20 00:00:00 BDT 1960
236,Leah,Leah,Mon Dec 10 00:00:00 BDT 1951
237,Sydnee,Sydnee,Tue Jul 08 00:00:00 BDT 1958
238,Ulysses,Ulysses,Mon Jun 02 00:00:00 BDT 1980
239,Sharon,Sharon,Sun Apr 01 00:00:00 BDT 1951
240,Frances,Frances,Wed Jan 23 00:00:00 BDT 1952
241,Sierra,Sierra,Thu Dec 11 00:00:00 BDT 1952
242,Neve,Neve,Wed Jun 28 00:00:00 BDT 1989
243,Darrel,Darrel,Tue Aug 12 00:00:00 BDT 1952
244,Elliott,Elliott,Fri May 18 00:00:00 BDT 1979
245,Quin,Quin,Tue Oct 19 00:00:00 BDT 1954
246,September,September,Sat Oct 02 00:00:00 BDT 1954
247,Carol,Carol,Fri Aug 01 00:00:00 BDT 1952
248,Edan,Edan,Sat Nov 30 00:00:00 BDT 1985
249,Jenna,Jenna,Fri Oct 26 00:00:00 BDT 1951
250,Zahir,Zahir,Fri Aug 26 00:00:00 BDT 1966
251,Colton,Colton,Sat Aug 06 00:00:00 BDT 1988
252,Sean,Sean,Wed Jan 25 00:00:00 BDT 1956
253,Hedwig,Hedwig,Fri Sep 24 00:00:00 BDT 1954
254,Graiden,Graiden,Sun Jan 19 00:00:00 BDT 1964
255,Ira,Ira,Mon Oct 16 00:00:00 BDT 1978
256,MacKenzie,MacKenzie,Thu Jun 04 00:00:00 BDT 1964
257,Wanda,Wanda,Sat Feb 11 00:00:00 BDT 1978
258,Hannah,Hannah,Mon Dec 15 00:00:00 BDT 1986
259,Jessica,Jessica,Tue Nov 27 00:00:00 BDT 1990
260,Damon,Damon,Fri Jan 21 00:00:00 BDT 1972
261,Madeline,Madeline,Mon Sep 30 00:00:00 BDT 1974
262,Sybil,Sybil,Mon Jan 18 00:00:00 BDT 1960
263,Scott,Scott,Tue Nov 29 00:00:00 BDT 1983
264,Linda,Linda,Sat Sep 12 00:00:00 BDT 1959
265,Allen,Allen,Sat Nov 04 00:00:00 BDT 1989
266,Giselle,Giselle,Wed Oct 05 00:00:00 BDT 1988
267,Martha,Martha,Thu Aug 12 00:00:00 BDT 1976
268,Lila,Lila,Mon Jun 03 00:00:00 BDT 1963
269,Ivana,Ivana,Sat Dec 28 00:00:00 BDT 1957
270,Grant,Grant,Wed Oct 27 00:00:00 BDT 1976
271,Belle,Belle,Thu Aug 23 00:00:00 BDT 1973
272,Cameran,Cameran,Wed May 16 00:00:00 BDT 1973
273,Unity,Unity,Wed Dec 24 00:00:00 BDT 1986
274,Kaitlin,Kaitlin,Fri May 16 00:00:00 BDT 1980
275,Joel,Joel,Tue Nov 09 00:00:00 BDT 1954
276,Brian,Brian,Wed Mar 14 00:00:00 BDT 1990
277,Ocean,Ocean,Thu Jan 29 00:00:00 BDT 1959
278,Imani,Imani,Sat Oct 26 00:00:00 BDT 1963
279,Celeste,Celeste,Tue Jun 03 00:00:00 BDT 1952
280,Kirby,Kirby,Fri Sep 25 00:00:00 BDT 1964
281,Rosalyn,Rosalyn,Thu Feb 10 00:00:00 BDT 1972
282,Donna,Donna,Fri Oct 18 00:00:00 BDT 1985
283,Suki,Suki,Thu Feb 07 00:00:00 BDT 1985
284,Willow,Willow,Tue Jul 25 00:00:00 BDT 1972
285,Leandra,Leandra,Sat Jun 24 00:00:00 BDT 1978
286,Aspen,Aspen,Fri Sep 28 00:00:00 BDT 1973
287,Martha,Martha,Thu Oct 23 00:00:00 BDT 1975
288,Alexa,Alexa,Mon Jan 21 00:00:00 BDT 1957
289,Halla,Halla,Tue Feb 08 00:00:00 BDT 1966
290,Martena,Martena,Tue Dec 29 00:00:00 BDT 1987
291,Quynn,Quynn,Sun Sep 13 00:00:00 BDT 1987
292,Quynn,Quynn,Sat Sep 26 00:00:00 BDT 1981
293,Joshua,Joshua,Sun Jun 21 00:00:00 BDT 1953
294,Stacey,Stacey,Thu May 13 00:00:00 BDT 1971
295,Noble,Noble,Sat Jan 07 00:00:00 BDT 1978
296,Cyrus,Cyrus,Fri Sep 18 00:00:00 BDT 1981
297,Tyler,Tyler,Fri Jan 19 00:00:00 BDT 1951
298,Adrienne,Adrienne,Wed Apr 04 00:00:00 BDT 1962
299,Carissa,Carissa,Thu Jan 05 00:00:00 BDT 1984
300,Christopher,Christopher,Mon Nov 21 00:00:00 BDT 1960
301,Clark,Clark,Sun Dec 18 00:00:00 BDT 1966
302,Dean,Dean,Thu Jan 04 00:00:00 BDT 1968
303,Coby,Coby,Sat Dec 19 00:00:00 BDT 1953
304,Whitney,Whitney,Sat Apr 27 00:00:00 BDT 1974
305,Yoshi,Yoshi,Wed Feb 20 00:00:00 BDT 1957
306,Rhoda,Rhoda,Sun Sep 30 00:00:00 BDT 1984
307,Cheyenne,Cheyenne,Tue Oct 13 00:00:00 BDT 1953
308,Piper,Piper,Sun Jan 21 00:00:00 BDT 1979
309,Jorden,Jorden,Wed Jun 15 00:00:00 BDT 1983
310,Hilary,Hilary,Wed Jun 11 00:00:00 BDT 1958
311,Zephr,Zephr,Thu Oct 12 00:00:00 BDT 1972
312,Barry,Barry,Sun May 31 00:00:00 BDT 1981
313,April,April,Sun Jan 02 00:00:00 BDT 1977
314,Kaseem,Kaseem,Fri Apr 22 00:00:00 BDT 1955
315,Cathleen,Cathleen,Tue Sep 16 00:00:00 BDT 1969
316,Mara,Mara,Sun Feb 17 00:00:00 BDT 1985
317,Nell,Nell,Tue Aug 09 00:00:00 BDT 1977
318,Preston,Preston,Wed Feb 22 00:00:00 BDT 1956
319,Mohammad,Mohammad,Sun May 18 00:00:00 BDT 1952
320,Rhiannon,Rhiannon,Fri Mar 09 00:00:00 BDT 1956
321,Bernard,Bernard,Thu Sep 07 00:00:00 BDT 1989
322,Cole,Cole,Tue Mar 11 00:00:00 BDT 1958
323,Adena,Adena,Sat Jan 12 00:00:00 BDT 1980
324,Carter,Carter,Wed Aug 07 00:00:00 BDT 1968
325,Rosalyn,Rosalyn,Wed Jun 21 00:00:00 BDT 1972
326,Sloane,Sloane,Sun Jan 23 00:00:00 BDT 1983
327,Garrison,Garrison,Sat Feb 13 00:00:00 BDT 1960
328,Catherine,Catherine,Sun Jan 08 00:00:00 BDT 1989
329,Jerome,Jerome,Tue Sep 28 00:00:00 BDT 1976
330,Jared,Jared,Sun Apr 24 00:00:00 BDT 1960
331,Andrew,Andrew,Wed Nov 10 00:00:00 BDT 1976
332,Xyla,Xyla,Sun Oct 19 00:00:00 BDT 1986
333,Nasim,Nasim,Tue Dec 04 00:00:00 BDT 1979
334,Walter,Walter,Sun Dec 31 00:00:00 BDT 1961
335,Tatum,Tatum,Mon Oct 05 00:00:00 BDT 1964
336,Elijah,Elijah,Fri Mar 22 00:00:00 BDT 1963
337,Elton,Elton,Fri Apr 22 00:00:00 BDT 1977
338,Kenneth,Kenneth,Sun Jun 17 00:00:00 BDT 1962
339,Florence,Florence,Fri Aug 12 00:00:00 BDT 1955
340,Arden,Arden,Sun Aug 09 00:00:00 BDT 1959
341,Zenia,Zenia,Fri Dec 13 00:00:00 BDT 1968
342,Lillith,Lillith,Wed Apr 22 00:00:00 BDT 1970
343,Murphy,Murphy,Tue Sep 23 00:00:00 BDT 1969
344,Caldwell,Caldwell,Sat Dec 23 00:00:00 BDT 1961
345,Charles,Charles,Sat Jan 13 00:00:00 BDT 1951
346,Jaden,Jaden,Fri Oct 12 00:00:00 BDT 1973
347,Oleg,Oleg,Sun Jan 15 00:00:00 BDT 1956
348,Charles,Charles,Tue Jan 09 00:00:00 BDT 1951
349,Whitney,Whitney,Thu May 25 00:00:00 BDT 1961
350,Macaulay,Macaulay,Sun Mar 13 00:00:00 BDT 1977
351,Sierra,Sierra,Tue Jul 28 00:00:00 BDT 1981
352,Charlotte,Charlotte,Sat Apr 07 00:00:00 BDT 1979
353,Lillian,Lillian,Wed Sep 09 00:00:00 BDT 1987
354,Ava,Ava,Sat Apr 16 00:00:00 BDT 1988
355,Cally,Cally,Mon Nov 08 00:00:00 BDT 1971
356,Giacomo,Giacomo,Wed Jun 10 00:00:00 BDT 1970
357,Gabriel,Gabriel,Fri Dec 05 00:00:00 BDT 1969
358,Solomon,Solomon,Sun Aug 19 00:00:00 BDT 1979
359,Hermione,Hermione,Tue Apr 22 00:00:00 BDT 1958
360,Phoebe,Phoebe,Mon Jul 15 00:00:00 BDT 1985
361,Keiko,Keiko,Sun Dec 20 00:00:00 BDT 1953
362,Herman,Herman,Thu Sep 03 00:00:00 BDT 1981
363,Cecilia,Cecilia,Mon Apr 02 00:00:00 BDT 1979
364,Gwendolyn,Gwendolyn,Sat Nov 02 00:00:00 BDT 1963
365,Jonas,Jonas,Sat Jun 02 00:00:00 BDT 1973
366,Whitney,Whitney,Wed Feb 01 00:00:00 BDT 1961
367,Ralph,Ralph,Fri Apr 23 00:00:00 BDT 1971
368,Eve,Eve,Sun Dec 04 00:00:00 BDT 1983
369,Odysseus,Odysseus,Tue Apr 13 00:00:00 BDT 1982
370,Mechelle,Mechelle,Fri Feb 09 00:00:00 BDT 1990
371,Jesse,Jesse,Sun Jun 11 00:00:00 BDT 1989
372,Martha,Martha,Thu Jun 17 00:00:00 BDT 1982
373,Emerald,Emerald,Thu Mar 07 00:00:00 BDT 1957
374,Rigel,Rigel,Fri Nov 13 00:00:00 BDT 1964
375,Meredith,Meredith,Fri Jul 29 00:00:00 BDT 1988
376,Nevada,Nevada,Tue Apr 22 00:00:00 BDT 1980
377,Casey,Casey,Sun Nov 17 00:00:00 BDT 1957
378,Xerxes,Xerxes,Thu Jan 21 00:00:00 BDT 1988
379,Penelope,Penelope,Sat Feb 28 00:00:00 BDT 1959
380,Rooney,Rooney,Sun Sep 15 00:00:00 BDT 1963
381,Lamar,Lamar,Thu Sep 03 00:00:00 BDT 1964
382,Linda,Linda,Tue Jan 19 00:00:00 BDT 1988
383,Hanae,Hanae,Sat Jun 21 00:00:00 BDT 1952
384,Zane,Zane,Mon Nov 16 00:00:00 BDT 1964
385,Aspen,Aspen,Tue Oct 11 00:00:00 BDT 1960
386,Samson,Samson,Sun Feb 12 00:00:00 BDT 1989
387,Jael,Jael,Thu Feb 10 00:00:00 BDT 1977
388,Marny,Marny,Sun Feb 08 00:00:00 BDT 1959
389,Lael,Lael,Mon Feb 06 00:00:00 BDT 1956
390,Blythe,Blythe,Wed Aug 09 00:00:00 BDT 1961
391,Keegan,Keegan,Fri Apr 23 00:00:00 BDT 1976
392,Nathan,Nathan,Fri Jan 27 00:00:00 BDT 1967
393,Garth,Garth,Wed Apr 12 00:00:00 BDT 1961
394,Flynn,Flynn,Fri Sep 30 00:00:00 BDT 1988
395,Dara,Dara,Sat Dec 22 00:00:00 BDT 1979
396,Ira,Ira,Tue Mar 06 00:00:00 BDT 1973
397,Angela,Angela,Sun Mar 13 00:00:00 BDT 1983
398,Wilma,Wilma,Mon Jun 20 00:00:00 BDT 1960
399,Sandra,Sandra,Thu Apr 17 00:00:00 BDT 1980
400,Amelia,Amelia,Tue May 09 00:00:00 BDT 1972
401,Gemma,Gemma,Mon Sep 25 00:00:00 BDT 1989
402,Orli,Orli,Mon Mar 30 00:00:00 BDT 1959
403,Donovan,Donovan,Wed Jun 18 00:00:00 BDT 1986
404,Dacey,Dacey,Thu May 22 00:00:00 BDT 1980
405,Rebekah,Rebekah,Sun Dec 24 00:00:00 BDT 1961
406,George,George,Tue Dec 14 00:00:00 BDT 1965
407,Hadley,Hadley,Wed Dec 13 00:00:00 BDT 1978
408,Cameran,Cameran,Fri Oct 18 00:00:00 BDT 1957
409,Ignacia,Ignacia,Thu Mar 26 00:00:00 BDT 1953
410,Alvin,Alvin,Sun Jul 24 00:00:00 BDT 1988
411,Aurora,Aurora,Fri Apr 22 00:00:00 BDT 1966
412,Gretchen,Gretchen,Wed Dec 04 00:00:00 BDT 1968
413,Inga,Inga,Fri Oct 16 00:00:00 BDT 1959
414,Aquila,Aquila,Tue Feb 18 00:00:00 BDT 1986
415,Boris,Boris,Tue Jan 27 00:00:00 BDT 1959
416,Channing,Channing,Fri Jan 09 00:00:00 BDT 1953
417,Wyoming,Wyoming,Tue Nov 29 00:00:00 BDT 1960
418,Veronica,Veronica,Sat Aug 27 00:00:00 BDT 1977
419,David,David,Sat Apr 08 00:00:00 BDT 1972
420,Lillian,Lillian,Mon Dec 10 00:00:00 BDT 1956
421,Danielle,Danielle,Mon Nov 21 00:00:00 BDT 1988
422,Mia,Mia,Thu Feb 15 00:00:00 BDT 1962
423,Micah,Micah,Tue May 27 00:00:00 BDT 1975
424,Tad,Tad,Thu Sep 10 00:00:00 BDT 1987
425,Troy,Troy,Sat Jan 26 00:00:00 BDT 1985
426,Ila,Ila,Sat Aug 27 00:00:00 BDT 1960
427,Kelly,Kelly,Sat Jan 02 00:00:00 BDT 1965
428,Walter,Walter,Tue Dec 09 00:00:00 BDT 1980
429,Lucius,Lucius,Tue Apr 12 00:00:00 BDT 1983
430,Florence,Florence,Wed Jun 19 00:00:00 BDT 1963
431,Priscilla,Priscilla,Sun Oct 26 00:00:00 BDT 1986
432,Joseph,Joseph,Mon Mar 04 00:00:00 BDT 1985
433,Kellie,Kellie,Thu Dec 06 00:00:00 BDT 1979
434,Hayden,Hayden,Sun Dec 01 00:00:00 BDT 1963
435,Xanthus,Xanthus,Wed Jan 21 00:00:00 BDT 1976
436,Shannon,Shannon,Sat Jun 17 00:00:00 BDT 1967
437,Kato,Kato,Wed Oct 21 00:00:00 BDT 1987
438,Molly,Molly,Sun Nov 29 00:00:00 BDT 1959
439,Hermione,Hermione,Fri Nov 20 00:00:00 BDT 1953
440,Kevyn,Kevyn,Sun Aug 21 00:00:00 BDT 1983
441,Paloma,Paloma,Sun May 21 00:00:00 BDT 1989
442,Tiger,Tiger,Sun May 11 00:00:00 BDT 1952
443,Willow,Willow,Thu Apr 28 00:00:00 BDT 1966
444,Stephen,Stephen,Wed Nov 17 00:00:00 BDT 1982
445,Curran,Curran,Mon Jul 09 00:00:00 BDT 1962
446,Cathleen,Cathleen,Sun Apr 06 00:00:00 BDT 1969
447,Vaughan,Vaughan,Sat Jun 13 00:00:00 BDT 1970
448,Grace,Grace,Fri Jun 01 00:00:00 BDT 1979
449,Ebony,Ebony,Fri Mar 07 00:00:00 BDT 1980
450,Scott,Scott,Mon Dec 15 00:00:00 BDT 1975
451,Britanney,Britanney,Thu Jul 19 00:00:00 BDT 1979
452,Lane,Lane,Thu Sep 17 00:00:00 BDT 1964
453,Hyacinth,Hyacinth,Thu May 07 00:00:00 BDT 1959
454,Cailin,Cailin,Sun Aug 17 00:00:00 BDT 1975
455,Craig,Craig,Fri Apr 01 00:00:00 BDT 1966
456,Julian,Julian,Thu Aug 16 00:00:00 BDT 1951
457,Yoko,Yoko,Wed Feb 08 00:00:00 BDT 1961
458,Aurora,Aurora,Sun May 31 00:00:00 BDT 1953
459,Ulric,Ulric,Mon Feb 09 00:00:00 BDT 1959
460,Lucius,Lucius,Thu Apr 20 00:00:00 BDT 1978
461,Eve,Eve,Sat Aug 08 00:00:00 BDT 1981
462,Donovan,Donovan,Tue Jun 29 00:00:00 BDT 1976
463,Idona,Idona,Mon Aug 14 00:00:00 BDT 1972
464,Mona,Mona,Fri Jun 19 00:00:00 BDT 1970
465,Dennis,Dennis,Fri Nov 08 00:00:00 BDT 1968
466,Beau,Beau,Sat Jul 23 00:00:00 BDT 1977
467,Willow,Willow,Mon May 29 00:00:00 BDT 1989
468,Alisa,Alisa,Thu Aug 31 00:00:00 BDT 1972
469,Veronica,Veronica,Mon May 21 00:00:00 BDT 1984
470,Martin,Martin,Mon Mar 23 00:00:00 BDT 1959
471,Clinton,Clinton,Wed Oct 23 00:00:00 BDT 1985
472,Darryl,Darryl,Sun Nov 27 00:00:00 BDT 1955
473,Len,Len,Fri Nov 15 00:00:00 BDT 1968
474,Axel,Axel,Mon Aug 15 00:00:00 BDT 1988
475,Rebecca,Rebecca,Fri Sep 14 00:00:00 BDT 1990
476,McKenzie,McKenzie,Sun Apr 02 00:00:00 BDT 1972
477,Russell,Russell,Mon Mar 17 00:00:00 BDT 1980
478,Emi,Emi,Sun Jan 25 00:00:00 BDT 1970
479,Merritt,Merritt,Mon Dec 20 00:00:00 BDT 1971
480,Rafael,Rafael,Mon Feb 09 00:00:00 BDT 1976
481,Ronan,Ronan,Thu Oct 13 00:00:00 BDT 1988
482,Jerome,Jerome,Tue Mar 23 00:00:00 BDT 1965
483,Daryl,Daryl,Tue Jul 01 00:00:00 BDT 1980
484,Zoe,Zoe,Sat Aug 14 00:00:00 BDT 1965
485,Cyrus,Cyrus,Thu Apr 26 00:00:00 BDT 1962
486,Xaviera,Xaviera,Mon Mar 14 00:00:00 BDT 1977
487,Alfonso,Alfonso,Wed Mar 27 00:00:00 BDT 1974
488,Yolanda,Yolanda,Fri Jan 04 00:00:00 BDT 1985
489,Uta,Uta,Wed May 20 00:00:00 BDT 1981
490,Alexis,Alexis,Wed Jan 18 00:00:00 BDT 1967
491,Sybil,Sybil,Thu May 19 00:00:00 BDT 1983
492,Nomlanga,Nomlanga,Tue Feb 23 00:00:00 BDT 1988
493,Marshall,Marshall,Sat Aug 16 00:00:00 BDT 1958
494,Uriah,Uriah,Thu Feb 18 00:00:00 BDT 1965
495,Wesley,Wesley,Tue Jul 15 00:00:00 BDT 1980
496,Kennedy,Kennedy,Sat Feb 18 00:00:00 BDT 1956
497,April,April,Thu Oct 14 00:00:00 BDT 1965
498,Alec,Alec,Sun Oct 06 00:00:00 BDT 1968
499,Philip,Philip,Tue Jul 04 00:00:00 BDT 1967
500,Reuben,Reuben,Thu Sep 20 00:00:00 BDT 1956
501,Kelly,Kelly,Wed May 13 00:00:00 BDT 1987
502,Chadwick,Chadwick,Sat May 11 00:00:00 BDT 1963
503,Justine,Justine,Sat Mar 01 00:00:00 BDT 1980
504,Elizabeth,Elizabeth,Sat Feb 20 00:00:00 BDT 1960
505,Elvis,Elvis,Fri Mar 22 00:00:00 BDT 1968
506,Miranda,Miranda,Sat Nov 01 00:00:00 BDT 1986
507,Leila,Leila,Sat Sep 04 00:00:00 BDT 1982
508,Willow,Willow,Wed Jul 09 00:00:00 BDT 1969
509,Jade,Jade,Thu Jun 04 00:00:00 BDT 1981
510,Abigail,Abigail,Fri Dec 20 00:00:00 BDT 1968
511,Quail,Quail,Mon Feb 13 00:00:00 BDT 1984
512,Martena,Martena,Sat Apr 30 00:00:00 BDT 1983
513,Moses,Moses,Mon Dec 02 00:00:00 BDT 1968
514,Meghan,Meghan,Mon Jul 10 00:00:00 BDT 1961
515,Whoopi,Whoopi,Sat Nov 03 00:00:00 BDT 1984
516,Darryl,Darryl,Sun Oct 31 00:00:00 BDT 1982
517,Dorothy,Dorothy,Thu Jul 19 00:00:00 BDT 1990
518,Ashton,Ashton,Thu Mar 03 00:00:00 BDT 1960
519,Cassandra,Cassandra,Sat Sep 21 00:00:00 BDT 1957
520,Martin,Martin,Fri Jan 03 00:00:00 BDT 1958
521,Cedric,Cedric,Sat Nov 20 00:00:00 BDT 1976
522,Marny,Marny,Sat May 07 00:00:00 BDT 1966
523,Ina,Ina,Wed Jun 03 00:00:00 BDT 1970
524,Keiko,Keiko,Tue Feb 10 00:00:00 BDT 1981
525,Reese,Reese,Sun May 06 00:00:00 BDT 1973
526,Dana,Dana,Wed Apr 30 00:00:00 BDT 1958
527,Nathaniel,Nathaniel,Wed Oct 30 00:00:00 BDT 1963
528,Lucius,Lucius,Wed Jan 18 00:00:00 BDT 1961
529,Glenna,Glenna,Tue Mar 30 00:00:00 BDT 1954
530,Finn,Finn,Sun Aug 30 00:00:00 BDT 1964
531,Barrett,Barrett,Wed Aug 09 00:00:00 BDT 1989
532,Susan,Susan,Sat Jan 24 00:00:00 BDT 1981
533,Carly,Carly,Wed Nov 22 00:00:00 BDT 1961
534,Hilel,Hilel,Sat Aug 26 00:00:00 BDT 1961
535,Yvonne,Yvonne,Sat Mar 04 00:00:00 BDT 1972
536,Karina,Karina,Sat Mar 25 00:00:00 BDT 1961
537,Shana,Shana,Tue Sep 30 00:00:00 BDT 1952
538,Walter,Walter,Sun May 25 00:00:00 BDT 1986
539,Mark,Mark,Sun Jan 27 00:00:00 BDT 1985
540,Hammett,Hammett,Thu Apr 05 00:00:00 BDT 1990
541,Zenaida,Zenaida,Tue Feb 18 00:00:00 BDT 1986
542,Richard,Richard,Fri Apr 18 00:00:00 BDT 1980
543,Jocelyn,Jocelyn,Fri Apr 22 00:00:00 BDT 1983
544,Sacha,Sacha,Sun May 16 00:00:00 BDT 1982
545,Sloane,Sloane,Tue Apr 22 00:00:00 BDT 1958
546,Bree,Bree,Sat Jul 11 00:00:00 BDT 1981
547,Yoshio,Yoshio,Wed Nov 27 00:00:00 BDT 1968
548,Lamar,Lamar,Wed Dec 26 00:00:00 BDT 1962
549,Kirestin,Kirestin,Mon Mar 20 00:00:00 BDT 1961
550,Reese,Reese,Thu Aug 04 00:00:00 BDT 1988
551,Victoria,Victoria,Sun Dec 31 00:00:00 BDT 1972
552,Unity,Unity,Tue Feb 16 00:00:00 BDT 1988
553,Tatiana,Tatiana,Thu Apr 08 00:00:00 BDT 1982
554,Emily,Emily,Tue Nov 05 00:00:00 BDT 1963
555,Brent,Brent,Sat Jan 25 00:00:00 BDT 1986
556,Jordan,Jordan,Mon Jul 20 00:00:00 BDT 1987
557,Arthur,Arthur,Wed Apr 18 00:00:00 BDT 1990
558,Driscoll,Driscoll,Sat Oct 04 00:00:00 BDT 1980
559,Deirdre,Deirdre,Wed Jun 28 00:00:00 BDT 1989
560,Fredericka,Fredericka,Fri Mar 06 00:00:00 BDT 1987
561,Katelyn,Katelyn,Wed Feb 06 00:00:00 BDT 1957
562,Otto,Otto,Wed May 15 00:00:00 BDT 1974
563,Jaime,Jaime,Sat Apr 23 00:00:00 BDT 1960
564,Hiroko,Hiroko,Tue May 16 00:00:00 BDT 1972
565,Allen,Allen,Sun Sep 22 00:00:00 BDT 1968
566,Taylor,Taylor,Wed Dec 05 00:00:00 BDT 1973
567,Kareem,Kareem,Mon May 06 00:00:00 BDT 1968
568,Jonah,Jonah,Fri May 18 00:00:00 BDT 1951
569,Bruno,Bruno,Sat Apr 26 00:00:00 BDT 1975
570,Shelley,Shelley,Wed Dec 23 00:00:00 BDT 1987
571,Baxter,Baxter,Thu Feb 22 00:00:00 BDT 1968
572,Daryl,Daryl,Thu Apr 20 00:00:00 BDT 1961
573,Ainsley,Ainsley,Tue Jun 19 00:00:00 BDT 1962
574,Allen,Allen,Sat Sep 05 00:00:00 BDT 1970
575,Wade,Wade,Thu May 22 00:00:00 BDT 1969
576,Palmer,Palmer,Thu Jul 04 00:00:00 BDT 1985
577,Lysandra,Lysandra,Wed Oct 12 00:00:00 BDT 1960
578,Hilary,Hilary,Tue Feb 18 00:00:00 BDT 1958
579,Leah,Leah,Tue Jul 02 00:00:00 BDT 1985
580,Kim,Kim,Mon Aug 25 00:00:00 BDT 1980
581,Ivor,Ivor,Sat Jul 13 00:00:00 BDT 1963
582,Yael,Yael,Tue Nov 13 00:00:00 BDT 1990
583,Cynthia,Cynthia,Sat Nov 08 00:00:00 BDT 1952
584,Lavinia,Lavinia,Thu Nov 05 00:00:00 BDT 1981
585,Raya,Raya,Tue Oct 15 00:00:00 BDT 1968
586,Ivana,Ivana,Sat Jan 20 00:00:00 BDT 1979
587,Stephanie,Stephanie,Mon Apr 06 00:00:00 BDT 1964
588,Deborah,Deborah,Tue Feb 02 00:00:00 BDT 1982
589,Anne,Anne,Wed Oct 30 00:00:00 BDT 1985
590,Beverly,Beverly,Fri Feb 03 00:00:00 BDT 1984
591,Dalton,Dalton,Fri Nov 24 00:00:00 BDT 1961
592,Sasha,Sasha,Wed Sep 19 00:00:00 BDT 1956
593,Teegan,Teegan,Thu Aug 07 00:00:00 BDT 1958
594,Amelia,Amelia,Sat Aug 04 00:00:00 BDT 1990
595,Brenna,Brenna,Fri Oct 23 00:00:00 BDT 1953
596,Jackson,Jackson,Mon Oct 22 00:00:00 BDT 1956
597,Blaze,Blaze,Fri Dec 06 00:00:00 BDT 1968
598,Amber,Amber,Sat Oct 21 00:00:00 BDT 1972
599,Azalia,Azalia,Sun Dec 19 00:00:00 BDT 1982
600,Zelenia,Zelenia,Sat Jul 03 00:00:00 BDT 1982
601,Thomas,Thomas,Sun Nov 21 00:00:00 BDT 1954
602,Kevyn,Kevyn,Fri Sep 21 00:00:00 BDT 1984
603,Marny,Marny,Sun Jun 10 00:00:00 BDT 1984
604,Jarrod,Jarrod,Wed Jun 22 00:00:00 BDT 1960
605,Chastity,Chastity,Thu Aug 14 00:00:00 BDT 1975
606,Remedios,Remedios,Thu Oct 19 00:00:00 BDT 1967
607,Martina,Martina,Sat Nov 11 00:00:00 BDT 1989
608,Ulla,Ulla,Fri May 18 00:00:00 BDT 1956
609,Flavia,Flavia,Sat Jan 24 00:00:00 BDT 1976
610,Sydnee,Sydnee,Mon Jan 22 00:00:00 BDT 1979
611,Adara,Adara,Mon Dec 13 00:00:00 BDT 1954
612,Martin,Martin,Sun Aug 08 00:00:00 BDT 1965
613,Carla,Carla,Mon Sep 26 00:00:00 BDT 1983
614,Alea,Alea,Wed May 15 00:00:00 BDT 1957
615,Maite,Maite,Mon Nov 20 00:00:00 BDT 1989
616,Alan,Alan,Sat Oct 21 00:00:00 BDT 1972
617,Kiona,Kiona,Thu Jan 25 00:00:00 BDT 1990
618,Octavius,Octavius,Thu Jul 19 00:00:00 BDT 1990
619,Yvonne,Yvonne,Mon Dec 19 00:00:00 BDT 1977
620,Kieran,Kieran,Sat Dec 30 00:00:00 BDT 1961
621,Selma,Selma,Sat Jan 23 00:00:00 BDT 1982
622,Burton,Burton,Wed Aug 08 00:00:00 BDT 1979
623,Kaitlin,Kaitlin,Mon May 21 00:00:00 BDT 1990
624,Madison,Madison,Sun Oct 16 00:00:00 BDT 1966
625,Erich,Erich,Wed Aug 11 00:00:00 BDT 1954
626,Joshua,Joshua,Tue Apr 02 00:00:00 BDT 1974
627,Eliana,Eliana,Sat Jan 12 00:00:00 BDT 1974
628,Giacomo,Giacomo,Sun Aug 28 00:00:00 BDT 1960
629,Donna,Donna,Sun Dec 14 00:00:00 BDT 1958
630,Cedric,Cedric,Mon Jun 11 00:00:00 BDT 1990
631,Xantha,Xantha,Wed Sep 10 00:00:00 BDT 1958
632,Rhona,Rhona,Mon Oct 05 00:00:00 BDT 1987
633,Beverly,Beverly,Tue May 26 00:00:00 BDT 1987
634,Cailin,Cailin,Sat Mar 29 00:00:00 BDT 1975
635,Tanek,Tanek,Tue Oct 17 00:00:00 BDT 1967
636,Quinn,Quinn,Sat Feb 23 00:00:00 BDT 1963
637,Declan,Declan,Sat Nov 16 00:00:00 BDT 1963
638,Lysandra,Lysandra,Sun Apr 12 00:00:00 BDT 1964
639,Allistair,Allistair,Wed Apr 10 00:00:00 BDT 1963
640,Rylee,Rylee,Tue Feb 04 00:00:00 BDT 1958
641,Neve,Neve,Wed Feb 14 00:00:00 BDT 1951
642,Kevin,Kevin,Fri Nov 29 00:00:00 BDT 1957
643,Wallace,Wallace,Mon Oct 26 00:00:00 BDT 1959
644,Patience,Patience,Sat Jul 22 00:00:00 BDT 1972
645,Carla,Carla,Tue Mar 12 00:00:00 BDT 1963
646,Fallon,Fallon,Fri Mar 18 00:00:00 BDT 1960
647,Stephen,Stephen,Mon Mar 28 00:00:00 BDT 1966
648,Katell,Katell,Tue Oct 23 00:00:00 BDT 1990
649,Tyler,Tyler,Sat Feb 09 00:00:00 BDT 1957
650,Kessie,Kessie,Fri Mar 14 00:00:00 BDT 1975
651,Stewart,Stewart,Mon Oct 25 00:00:00 BDT 1982
652,Kitra,Kitra,Thu Jan 14 00:00:00 BDT 1960
653,Ivor,Ivor,Thu Nov 12 00:00:00 BDT 1953
654,Dane,Dane,Wed Sep 26 00:00:00 BDT 1956
655,Silas,Silas,Sun Dec 24 00:00:00 BDT 1950
656,Avram,Avram,Sat Jan 21 00:00:00 BDT 1989
657,Joan,Joan,Sun Apr 24 00:00:00 BDT 1966
658,Kennan,Kennan,Wed Aug 20 00:00:00 BDT 1986
659,Sebastian,Sebastian,Wed May 25 00:00:00 BDT 1960
660,Armand,Armand,Fri May 11 00:00:00 BDT 1984
661,Edward,Edward,Sat Aug 24 00:00:00 BDT 1957
662,Donovan,Donovan,Tue Jul 18 00:00:00 BDT 1961
663,Aurora,Aurora,Tue May 08 00:00:00 BDT 1973
664,Cailin,Cailin,Thu Aug 13 00:00:00 BDT 1959
665,Cade,Cade,Tue Dec 11 00:00:00 BDT 1984
666,Shoshana,Shoshana,Wed Aug 28 00:00:00 BDT 1957
667,Maggy,Maggy,Fri Aug 26 00:00:00 BDT 1955
668,Bradley,Bradley,Sat Dec 11 00:00:00 BDT 1965
669,Carlos,Carlos,Tue Dec 10 00:00:00 BDT 1963
670,Julian,Julian,Mon Oct 18 00:00:00 BDT 1982
671,Colby,Colby,Tue Aug 28 00:00:00 BDT 1990
672,Allegra,Allegra,Fri Jul 01 00:00:00 BDT 1988
673,Melinda,Melinda,Fri Feb 02 00:00:00 BDT 1979
674,Wayne,Wayne,Thu Jan 20 00:00:00 BDT 1983
675,Vivian,Vivian,Tue Jun 17 00:00:00 BDT 1980
676,Gary,Gary,Sat Aug 02 00:00:00 BDT 1980
677,Seth,Seth,Tue Dec 22 00:00:00 BDT 1970
678,Noble,Noble,Wed Nov 25 00:00:00 BDT 1959
679,Yeo,Yeo,Sat Sep 02 00:00:00 BDT 1967
680,Ingrid,Ingrid,Thu Apr 08 00:00:00 BDT 1954
681,Vaughan,Vaughan,Sun Aug 27 00:00:00 BDT 1972
682,Ima,Ima,Sun Feb 20 00:00:00 BDT 1955
683,Kaitlin,Kaitlin,Mon May 08 00:00:00 BDT 1961
684,Nichole,Nichole,Mon Dec 22 00:00:00 BDT 1986
685,Lesley,Lesley,Sun Jul 20 00:00:00 BDT 1958
686,Tyler,Tyler,Thu Mar 06 00:00:00 BDT 1969
687,Branden,Branden,Mon Feb 12 00:00:00 BDT 1973
688,Kerry,Kerry,Sat Jan 07 00:00:00 BDT 1961
689,Ariel,Ariel,Thu Apr 05 00:00:00 BDT 1973
690,Thor,Thor,Sun Oct 31 00:00:00 BDT 1976
691,Quincy,Quincy,Mon Jul 15 00:00:00 BDT 1985
692,Whilemina,Whilemina,Mon Apr 10 00:00:00 BDT 1978
693,Zia,Zia,Wed Sep 09 00:00:00 BDT 1981
694,Quemby,Quemby,Wed Nov 12 00:00:00 BDT 1958
695,Francis,Francis,Thu Jan 03 00:00:00 BDT 1980
696,Janna,Janna,Fri Jun 17 00:00:00 BDT 1960
697,Joelle,Joelle,Thu Feb 19 00:00:00 BDT 1981
698,Castor,Castor,Fri Apr 26 00:00:00 BDT 1985
699,Bell,Bell,Sat Nov 17 00:00:00 BDT 1951
700,Hall,Hall,Thu Jan 29 00:00:00 BDT 1987
701,Wade,Wade,Sun Sep 06 00:00:00 BDT 1970
702,Jana,Jana,Fri Apr 28 00:00:00 BDT 1978
703,Winter,Winter,Sun Feb 17 00:00:00 BDT 1963
704,Melanie,Melanie,Mon Aug 08 00:00:00 BDT 1966
705,Meghan,Meghan,Sat Dec 23 00:00:00 BDT 1950
706,Byron,Byron,Mon Mar 07 00:00:00 BDT 1977
707,Shaeleigh,Shaeleigh,Tue Dec 26 00:00:00 BDT 1978
708,Noelani,Noelani,Sat Dec 26 00:00:00 BDT 1981
709,Kristen,Kristen,Sat Nov 13 00:00:00 BDT 1954
710,Quon,Quon,Tue Apr 05 00:00:00 BDT 1988
711,Hedwig,Hedwig,Thu Sep 08 00:00:00 BDT 1977
712,Brock,Brock,Mon Nov 25 00:00:00 BDT 1957
713,Lisandra,Lisandra,Sat Oct 13 00:00:00 BDT 1979
714,Reed,Reed,Sun Oct 27 00:00:00 BDT 1957
715,Rhonda,Rhonda,Fri Nov 23 00:00:00 BDT 1979
716,Moana,Moana,Fri Mar 13 00:00:00 BDT 1981
717,Isadora,Isadora,Wed Aug 13 00:00:00 BDT 1980
718,Sonia,Sonia,Tue Jun 20 00:00:00 BDT 1972
719,Keegan,Keegan,Mon Jan 10 00:00:00 BDT 1966
720,Asher,Asher,Sun Jul 17 00:00:00 BDT 1988
721,Prescott,Prescott,Tue Dec 21 00:00:00 BDT 1976
722,Rafael,Rafael,Mon Feb 10 00:00:00 BDT 1964
723,Xenos,Xenos,Fri Sep 14 00:00:00 BDT 1979
724,Xaviera,Xaviera,Wed Jul 07 00:00:00 BDT 1965
725,Latifah,Latifah,Fri Jul 03 00:00:00 BDT 1987
726,Amena,Amena,Thu Jun 22 00:00:00 BDT 1972
727,Tatiana,Tatiana,Thu Jul 10 00:00:00 BDT 1958
728,Jelani,Jelani,Wed Dec 09 00:00:00 BDT 1964
729,Pascale,Pascale,Thu Dec 20 00:00:00 BDT 1962
730,Zeph,Zeph,Fri Sep 06 00:00:00 BDT 1968
731,Laith,Laith,Wed Feb 08 00:00:00 BDT 1961
732,Bevis,Bevis,Mon Sep 04 00:00:00 BDT 1978
733,Jonah,Jonah,Fri Sep 30 00:00:00 BDT 1955
734,Lynn,Lynn,Mon Oct 29 00:00:00 BDT 1990
735,Tashya,Tashya,Tue Aug 16 00:00:00 BDT 1960
736,Noelani,Noelani,Tue Jul 13 00:00:00 BDT 1982
737,Bruno,Bruno,Mon Feb 18 00:00:00 BDT 1985
738,Risa,Risa,Thu May 29 00:00:00 BDT 1975
739,Stacy,Stacy,Fri Nov 21 00:00:00 BDT 1969
740,Justine,Justine,Sun Jul 01 00:00:00 BDT 1951
741,Myra,Myra,Sun Oct 23 00:00:00 BDT 1960
742,Castor,Castor,Fri Jul 19 00:00:00 BDT 1974
743,Bradley,Bradley,Wed Nov 13 00:00:00 BDT 1985
744,Cameran,Cameran,Sat Apr 27 00:00:00 BDT 1985
745,Helen,Helen,Sat Aug 29 00:00:00 BDT 1987
746,Cooper,Cooper,Thu Mar 11 00:00:00 BDT 1971
747,Alec,Alec,Fri Feb 08 00:00:00 BDT 1980
748,Kylan,Kylan,Fri Jun 05 00:00:00 BDT 1970
749,Kelsey,Kelsey,Mon Mar 30 00:00:00 BDT 1970
750,Willa,Willa,Sun Apr 19 00:00:00 BDT 1987
751,Shea,Shea,Wed Aug 29 00:00:00 BDT 1990
752,Rinah,Rinah,Sun Sep 28 00:00:00 BDT 1958
753,Todd,Todd,Sat Aug 10 00:00:00 BDT 1968
754,Nora,Nora,Tue Oct 10 00:00:00 BDT 1978
755,Lewis,Lewis,Mon Jun 29 00:00:00 BDT 1964
756,Charles,Charles,Wed Sep 06 00:00:00 BDT 1961
757,Grady,Grady,Tue Mar 28 00:00:00 BDT 1978
758,Petra,Petra,Wed May 07 00:00:00 BDT 1975
759,Wesley,Wesley,Fri Feb 12 00:00:00 BDT 1982
760,Arsenio,Arsenio,Sun Sep 23 00:00:00 BDT 1979
761,Wylie,Wylie,Wed Jun 27 00:00:00 BDT 1951
762,Kendall,Kendall,Sat Sep 04 00:00:00 BDT 1965
763,Jacob,Jacob,Mon Jul 26 00:00:00 BDT 1954
764,Ciaran,Ciaran,Wed Apr 05 00:00:00 BDT 1972
765,Chester,Chester,Wed Nov 02 00:00:00 BDT 1966
766,Lance,Lance,Mon Mar 13 00:00:00 BDT 1989
767,Justin,Justin,Sun Oct 21 00:00:00 BDT 1962
768,Chancellor,Chancellor,Tue Aug 02 00:00:00 BDT 1983
769,Juliet,Juliet,Sun Jan 30 00:00:00 BDT 1955
770,Karyn,Karyn,Thu Jan 24 00:00:00 BDT 1985
771,Scarlett,Scarlett,Wed Nov 14 00:00:00 BDT 1956
772,Jakeem,Jakeem,Fri Mar 21 00:00:00 BDT 1958
773,Vivian,Vivian,Wed May 29 00:00:00 BDT 1957
774,Jolie,Jolie,Mon Aug 01 00:00:00 BDT 1988
775,Nissim,Nissim,Sat Mar 04 00:00:00 BDT 1978
776,Ronan,Ronan,Sat Jul 21 00:00:00 BDT 1951
777,Ruth,Ruth,Thu Jul 13 00:00:00 BDT 1967
778,Kyra,Kyra,Fri Nov 28 00:00:00 BDT 1952
779,Meghan,Meghan,Sat Jul 21 00:00:00 BDT 1951
780,Martena,Martena,Fri Sep 26 00:00:00 BDT 1986
781,Julie,Julie,Wed Feb 02 00:00:00 BDT 1972
782,Leslie,Leslie,Wed Jul 31 00:00:00 BDT 1974
783,Lucius,Lucius,Sun May 23 00:00:00 BDT 1965
784,Leilani,Leilani,Mon Mar 02 00:00:00 BDT 1964
785,Neve,Neve,Mon Mar 21 00:00:00 BDT 1966
786,Cheyenne,Cheyenne,Mon Oct 31 00:00:00 BDT 1966
787,Daquan,Daquan,Mon Jul 02 00:00:00 BDT 1979
788,Calista,Calista,Tue Aug 26 00:00:00 BDT 1986
789,Phoebe,Phoebe,Tue May 27 00:00:00 BDT 1975
790,Neve,Neve,Thu Sep 30 00:00:00 BDT 1971
791,Geraldine,Geraldine,Thu Dec 06 00:00:00 BDT 1979
792,Sophia,Sophia,Sun Jun 14 00:00:00 BDT 1964
793,Cedric,Cedric,Mon Nov 07 00:00:00 BDT 1966
794,Dorian,Dorian,Wed Sep 24 00:00:00 BDT 1969
795,Autumn,Autumn,Thu Apr 04 00:00:00 BDT 1974
796,Maxwell,Maxwell,Sat Mar 25 00:00:00 BDT 1972
797,Reese,Reese,Tue Apr 07 00:00:00 BDT 1987
798,Sybill,Sybill,Mon Feb 09 00:00:00 BDT 1953
799,Lawrence,Lawrence,Tue Jun 30 00:00:00 BDT 1964
800,Imogene,Imogene,Wed Oct 19 00:00:00 BDT 1966
801,Mira,Mira,Sun Mar 08 00:00:00 BDT 1964
802,Silas,Silas,Sat Apr 11 00:00:00 BDT 1953
803,Paloma,Paloma,Thu Jun 14 00:00:00 BDT 1962
804,Dillon,Dillon,Sun Sep 16 00:00:00 BDT 1984
805,Jarrod,Jarrod,Sat Dec 21 00:00:00 BDT 1974
806,Quintessa,Quintessa,Sat Jan 05 00:00:00 BDT 1952
807,Lucas,Lucas,Mon Jul 09 00:00:00 BDT 1973
808,Karly,Karly,Tue Jul 08 00:00:00 BDT 1986
809,Jacqueline,Jacqueline,Sun Sep 25 00:00:00 BDT 1983
810,Brock,Brock,Thu Nov 13 00:00:00 BDT 1975
811,Jaden,Jaden,Wed Oct 12 00:00:00 BDT 1960
812,Buffy,Buffy,Tue Jan 20 00:00:00 BDT 1976
813,Reed,Reed,Fri Dec 05 00:00:00 BDT 1986
814,Olivia,Olivia,Sun Jun 13 00:00:00 BDT 1976
815,Aimee,Aimee,Tue Nov 07 00:00:00 BDT 1961
816,Iola,Iola,Mon Feb 01 00:00:00 BDT 1960
817,Camilla,Camilla,Thu Nov 28 00:00:00 BDT 1985
818,Gloria,Gloria,Wed Dec 10 00:00:00 BDT 1969
819,Rinah,Rinah,Thu Mar 03 00:00:00 BDT 1955
820,Emery,Emery,Wed Nov 18 00:00:00 BDT 1953
821,Desiree,Desiree,Sun Dec 02 00:00:00 BDT 1979
822,Pamela,Pamela,Tue Aug 05 00:00:00 BDT 1958
823,Odessa,Odessa,Fri Dec 21 00:00:00 BDT 1951
824,Tanek,Tanek,Fri Jul 04 00:00:00 BDT 1958
825,Gareth,Gareth,Wed Jan 29 00:00:00 BDT 1986
826,Vielka,Vielka,Thu Jul 28 00:00:00 BDT 1988
827,September,September,Tue Nov 08 00:00:00 BDT 1983
828,Lavinia,Lavinia,Fri Jan 03 00:00:00 BDT 1986
829,Stone,Stone,Thu Mar 12 00:00:00 BDT 1970
830,Lucas,Lucas,Thu Mar 26 00:00:00 BDT 1981
831,Yen,Yen,Mon May 12 00:00:00 BDT 1958
832,Nadine,Nadine,Fri Mar 18 00:00:00 BDT 1977
833,Mikayla,Mikayla,Sun Jan 27 00:00:00 BDT 1957
834,Logan,Logan,Wed Nov 13 00:00:00 BDT 1974
835,Ella,Ella,Thu Mar 16 00:00:00 BDT 1978
836,Zia,Zia,Tue Sep 13 00:00:00 BDT 1988
837,Mason,Mason,Thu May 05 00:00:00 BDT 1966
838,Jeanette,Jeanette,Thu Jan 01 00:00:00 BDT 1970
839,Dana,Dana,Sat May 16 00:00:00 BDT 1987
840,Barrett,Barrett,Thu May 31 00:00:00 BDT 1973
841,Leilani,Leilani,Tue Oct 31 00:00:00 BDT 1978
842,Sade,Sade,Wed Sep 12 00:00:00 BDT 1962
843,Gillian,Gillian,Thu Nov 13 00:00:00 BDT 1969
844,Brynne,Brynne,Mon Aug 23 00:00:00 BDT 1982
845,Clare,Clare,Tue Jan 20 00:00:00 BDT 1959
846,Flavia,Flavia,Sun Jan 22 00:00:00 BDT 1956
847,Thaddeus,Thaddeus,Fri Sep 19 00:00:00 BDT 1975
848,Herrod,Herrod,Sat Nov 13 00:00:00 BDT 1976
849,Brendan,Brendan,Wed Jun 15 00:00:00 BDT 1955
850,Ulla,Ulla,Sat Sep 11 00:00:00 BDT 1965
851,Aiko,Aiko,Fri Dec 20 00:00:00 BDT 1974
852,Burton,Burton,Thu Sep 02 00:00:00 BDT 1982
853,Ashely,Ashely,Sat Feb 22 00:00:00 BDT 1975
854,Chaim,Chaim,Mon Apr 12 00:00:00 BDT 1971
855,Anika,Anika,Sun Dec 30 00:00:00 BDT 1956
856,Leandra,Leandra,Thu Mar 18 00:00:00 BDT 1965
857,Nasim,Nasim,Mon Nov 14 00:00:00 BDT 1977
858,Tiger,Tiger,Sun Dec 12 00:00:00 BDT 1965
859,Summer,Summer,Sat Oct 10 00:00:00 BDT 1959
860,Kevyn,Kevyn,Thu Oct 16 00:00:00 BDT 1952
861,Brady,Brady,Tue Aug 21 00:00:00 BDT 1984
862,Brian,Brian,Sat Oct 07 00:00:00 BDT 1967
863,Kalia,Kalia,Tue Jun 23 00:00:00 BDT 1987
864,Carlos,Carlos,Mon Feb 27 00:00:00 BDT 1967
865,Driscoll,Driscoll,Sat Dec 06 00:00:00 BDT 1969
866,Laith,Laith,Sat Jun 13 00:00:00 BDT 1959
867,Dale,Dale,Sun Feb 26 00:00:00 BDT 1978
868,Hu,Hu,Wed Oct 31 00:00:00 BDT 1956
869,Tyrone,Tyrone,Fri Oct 03 00:00:00 BDT 1986
870,Tad,Tad,Thu Apr 25 00:00:00 BDT 1963
871,Chaim,Chaim,Sun Nov 17 00:00:00 BDT 1968
872,Sage,Sage,Sun Dec 30 00:00:00 BDT 1979
873,Cruz,Cruz,Fri Dec 07 00:00:00 BDT 1956
874,Nissim,Nissim,Mon Feb 11 00:00:00 BDT 1985
875,Malcolm,Malcolm,Mon Oct 12 00:00:00 BDT 1970
876,Sebastian,Sebastian,Sat May 26 00:00:00 BDT 1984
877,Honorato,Honorato,Thu Aug 14 00:00:00 BDT 1986
878,Dorothy,Dorothy,Mon Jun 14 00:00:00 BDT 1976
879,Quintessa,Quintessa,Tue Oct 05 00:00:00 BDT 1982
880,Deacon,Deacon,Wed Apr 27 00:00:00 BDT 1977
881,Ian,Ian,Mon Jul 19 00:00:00 BDT 1965
882,Naida,Naida,Wed Jul 29 00:00:00 BDT 1959
883,Giacomo,Giacomo,Sat Feb 07 00:00:00 BDT 1959
884,Raven,Raven,Wed May 09 00:00:00 BDT 1962
885,Myra,Myra,Sat Nov 29 00:00:00 BDT 1975
886,Medge,Medge,Sat Nov 29 00:00:00 BDT 1986
887,Barry,Barry,Tue Nov 06 00:00:00 BDT 1951
888,Alvin,Alvin,Tue May 21 00:00:00 BDT 1957
889,Aimee,Aimee,Sun Apr 09 00:00:00 BDT 1978
890,Honorato,Honorato,Sun Aug 08 00:00:00 BDT 1982
891,Avye,Avye,Thu Jun 28 00:00:00 BDT 1962
892,Dane,Dane,Wed Feb 17 00:00:00 BDT 1988
893,Susan,Susan,Sat Apr 01 00:00:00 BDT 1972
894,Derek,Derek,Mon Jun 02 00:00:00 BDT 1969
895,Angela,Angela,Sat Sep 23 00:00:00 BDT 1972
896,Helen,Helen,Wed Dec 07 00:00:00 BDT 1983
897,Dieter,Dieter,Wed Dec 19 00:00:00 BDT 1951
898,Chase,Chase,Mon Feb 02 00:00:00 BDT 1987
899,Simone,Simone,Sun Jun 22 00:00:00 BDT 1958
900,Ocean,Ocean,Mon Nov 25 00:00:00 BDT 1974
901,Harriet,Harriet,Thu May 05 00:00:00 BDT 1977
902,Eleanor,Eleanor,Sat Apr 02 00:00:00 BDT 1983
903,Alika,Alika,Wed Feb 02 00:00:00 BDT 1983
904,Sigourney,Sigourney,Thu Jun 22 00:00:00 BDT 1961
905,Declan,Declan,Sun Dec 06 00:00:00 BDT 1970
906,Jacob,Jacob,Fri Sep 03 00:00:00 BDT 1976
907,Keaton,Keaton,Sat Aug 08 00:00:00 BDT 1970
908,Keegan,Keegan,Thu Dec 05 00:00:00 BDT 1974
909,Hedy,Hedy,Tue Jan 26 00:00:00 BDT 1954
910,Reece,Reece,Tue Jul 17 00:00:00 BDT 1951
911,Yuli,Yuli,Sun Feb 09 00:00:00 BDT 1964
912,Caesar,Caesar,Sun Mar 02 00:00:00 BDT 1958
913,Carol,Carol,Mon Sep 26 00:00:00 BDT 1983
914,Lois,Lois,Fri Apr 28 00:00:00 BDT 1961
915,Marvin,Marvin,Sun Jun 15 00:00:00 BDT 1980
916,Justina,Justina,Wed Sep 28 00:00:00 BDT 1966
917,Azalia,Azalia,Sat Dec 10 00:00:00 BDT 1955
918,Devin,Devin,Fri Dec 07 00:00:00 BDT 1979
919,Rose,Rose,Sun Nov 23 00:00:00 BDT 1958
920,Shafira,Shafira,Wed Jul 09 00:00:00 BDT 1986
921,Aurora,Aurora,Mon Dec 29 00:00:00 BDT 1969
922,Timothy,Timothy,Wed Dec 10 00:00:00 BDT 1969
923,Winter,Winter,Sat May 29 00:00:00 BDT 1954
924,Audra,Audra,Wed Dec 10 00:00:00 BDT 1952
925,Keefe,Keefe,Tue Aug 13 00:00:00 BDT 1963
926,Upton,Upton,Thu May 05 00:00:00 BDT 1955
927,Naida,Naida,Mon Dec 30 00:00:00 BDT 1963
928,Brady,Brady,Fri Mar 30 00:00:00 BDT 1973
929,Eugenia,Eugenia,Fri Oct 22 00:00:00 BDT 1971
930,MacKenzie,MacKenzie,Wed Jun 02 00:00:00 BDT 1971
931,Clio,Clio,Wed Mar 04 00:00:00 BDT 1981
932,Whitney,Whitney,Sun Oct 22 00:00:00 BDT 1972
933,Phyllis,Phyllis,Mon Oct 30 00:00:00 BDT 1961
934,Robin,Robin,Sun Apr 29 00:00:00 BDT 1973
935,Hasad,Hasad,Sun Jul 02 00:00:00 BDT 1961
936,Len,Len,Tue Jan 16 00:00:00 BDT 1962
937,Nelle,Nelle,Tue Oct 05 00:00:00 BDT 1982
938,Jacqueline,Jacqueline,Sat Jan 01 00:00:00 BDT 1955
939,Abigail,Abigail,Sun May 12 00:00:00 BDT 1963
940,Hope,Hope,Sun Jul 29 00:00:00 BDT 1956
941,Adrian,Adrian,Wed Nov 14 00:00:00 BDT 1984
942,Mufutau,Mufutau,Wed Dec 18 00:00:00 BDT 1968
943,Keelie,Keelie,Mon Jul 13 00:00:00 BDT 1959
944,Tatyana,Tatyana,Wed Sep 12 00:00:00 BDT 1962
945,Yael,Yael,Fri Sep 26 00:00:00 BDT 1952
946,Tobias,Tobias,Sat Nov 25 00:00:00 BDT 1961
947,Scarlet,Scarlet,Sat Aug 19 00:00:00 BDT 1972
948,Uriel,Uriel,Mon Jul 31 00:00:00 BDT 1989
949,Amity,Amity,Thu Aug 03 00:00:00 BDT 1961
950,Jared,Jared,Fri Jul 13 00:00:00 BDT 1984
951,Isaac,Isaac,Thu Aug 13 00:00:00 BDT 1970
952,Sonya,Sonya,Wed Dec 12 00:00:00 BDT 1979
953,Rebekah,Rebekah,Wed Feb 20 00:00:00 BDT 1963
954,Reagan,Reagan,Fri Feb 03 00:00:00 BDT 1967
955,Joshua,Joshua,Thu May 07 00:00:00 BDT 1953
956,Brenda,Brenda,Sat Sep 30 00:00:00 BDT 1972
957,Steel,Steel,Thu Sep 08 00:00:00 BDT 1983
958,Chandler,Chandler,Sat Mar 02 00:00:00 BDT 1957
959,Cameron,Cameron,Wed Dec 05 00:00:00 BDT 1990
960,Halee,Halee,Sat Jul 03 00:00:00 BDT 1976
961,Connor,Connor,Mon Dec 09 00:00:00 BDT 1985
962,Alana,Alana,Thu Feb 07 00:00:00 BDT 1974
963,Maisie,Maisie,Fri Aug 08 00:00:00 BDT 1958
964,Rhonda,Rhonda,Mon Apr 11 00:00:00 BDT 1983
965,Connor,Connor,Mon Jun 06 00:00:00 BDT 1983
966,Courtney,Courtney,Tue Jan 31 00:00:00 BDT 1984
967,Holmes,Holmes,Sun Feb 02 00:00:00 BDT 1958
968,Vielka,Vielka,Thu Feb 18 00:00:00 BDT 1982
969,Gail,Gail,Fri Jul 11 00:00:00 BDT 1986
970,Cole,Cole,Mon Jun 11 00:00:00 BDT 1973
971,Kibo,Kibo,Mon Oct 21 00:00:00 BDT 1974
972,Ashton,Ashton,Sun Dec 04 00:00:00 BDT 1977
973,Stone,Stone,Fri May 23 00:00:00 BDT 1980
974,Hilda,Hilda,Tue Nov 10 00:00:00 BDT 1987
975,Phoebe,Phoebe,Tue Mar 04 00:00:00 BDT 1958
976,Aileen,Aileen,Mon Jun 11 00:00:00 BDT 1979
977,Luke,Luke,Tue Sep 10 00:00:00 BDT 1974
978,Faith,Faith,Tue Oct 13 00:00:00 BDT 1959
979,Myra,Myra,Tue Feb 09 00:00:00 BDT 1965
980,Julie,Julie,Tue Dec 13 00:00:00 BDT 1960
981,Selma,Selma,Wed Aug 08 00:00:00 BDT 1962
982,Harlan,Harlan,Thu Jul 01 00:00:00 BDT 1971
983,Kimberly,Kimberly,Wed Oct 22 00:00:00 BDT 1952
984,Amir,Amir,Wed Jan 25 00:00:00 BDT 1978
985,Noelani,Noelani,Thu Aug 23 00:00:00 BDT 1990
986,Morgan,Morgan,Wed May 31 00:00:00 BDT 1978
987,Caldwell,Caldwell,Sun Jul 14 00:00:00 BDT 1968
988,Blaine,Blaine,Sat Sep 09 00:00:00 BDT 1972
989,Mechelle,Mechelle,Mon Mar 01 00:00:00 BDT 1965
990,Tana,Tana,Sun Oct 26 00:00:00 BDT 1975
991,Katelyn,Katelyn,Fri Jul 16 00:00:00 BDT 1965
992,Britanni,Britanni,Tue Jun 01 00:00:00 BDT 1982
993,Knox,Knox,Thu Aug 28 00:00:00 BDT 1980
994,Kathleen,Kathleen,Sat Dec 31 00:00:00 BDT 1983
995,Shellie,Shellie,Mon Apr 04 00:00:00 BDT 1966
996,Kitra,Kitra,Tue Feb 09 00:00:00 BDT 1971
997,Sheila,Sheila,Thu Mar 16 00:00:00 BDT 1967
998,MacKensie,MacKensie,Wed Jun 16 00:00:00 BDT 1954
999,Indigo,Indigo,Sun Apr 05 00:00:00 BDT 1959
1000,Raphael,Raphael,Tue Jan 12 00:00:00 BDT 1960
